From	To
P18825	6KUW
Q9Y271	6RZ4
Q9Y271	6RZ5
P08912	6OL9
P28223	6A93
P28223	6A94
P28223	6WGT
P28223	6WH4
P28223	6WHA
P28223	7RAN
P28223	7VOD
P28223	7VOE
P28223	7WC4
P28223	7WC5
P28223	7WC6
P28223	7WC7
P28223	7WC8
P28223	7WC9
P47900	4XNV
P47900	4XNW
P47900	7XXH
P25021	7UL3
P28335	6BQG
P28335	6BQH
P28335	8DPF
P28335	8DPG
P28335	8DPH
P28335	8DPI
P30542	5N2S
P30542	5UEN
P30542	6D9H
P30542	7LD3
P30542	7LD4
P25024	1ILP
P25024	1ILQ
P25024	2LNL
P25024	6XMN
P25024	8IC0
P21918	8IRV
P21917	5WIU
P21917	5WIV
P35462	3PBL
P35462	7CMU
P35462	7CMV
P35462	8IRT
P30874	7T10
P30874	7T11
P30874	7UL5
P30874	7WIC
P30874	7WIG
P30874	7WJ5
P30874	7XAT
P30874	7XAU
P30874	7XAV
P30874	7XMR
P30874	7Y24
P30874	7Y26
P30874	7Y27
P30874	7YAC
P30874	7YAE
P21728	7CKW
P21728	7CKX
P21728	7CKY
P21728	7CKZ
P21728	7CRH
P21728	7F0T
P21728	7F1O
P21728	7F1Z
P21728	7F23
P21728	7F24
P21728	7JOZ
P21728	7JV5
P21728	7JVP
P21728	7JVQ
P21728	7LJC
P21728	7LJD
P21728	7X2C
P21728	7X2D
P21728	7X2F
P21728	8IRR
Q9H244	4NTJ
Q9H244	4PXZ
Q9H244	4PY0
Q9H244	7PP1
Q9H244	7XXI
P08172	3UON
P08172	4MQS
P08172	4MQT
P08172	5YC8
P08172	5ZK3
P08172	5ZK8
P08172	5ZKB
P08172	5ZKC
P08172	6OIK
P08172	6U1N
P08172	7T8X
P08172	7T90
P08172	7T94
P08172	7T96
P43115	6AK3
P43115	6M9T
P43115	7WU9
P07550	1GQ4
P07550	2R4R
P07550	2R4S
P07550	2RH1
P07550	3D4S
P07550	3KJ6
P07550	3NY8
P07550	3NY9
P07550	3NYA
P07550	3P0G
P07550	3PDS
P07550	3SN6
P07550	4GBR
P07550	4LDE
P07550	4LDL
P07550	4LDO
P07550	4QKX
P07550	5D5A
P07550	5D5B
P07550	5D6L
P07550	5JQH
P07550	5X7D
P07550	6E67
P07550	6KR8
P07550	6MXT
P07550	6N48
P07550	6NI3
P07550	6OBA
P07550	6PRZ
P07550	6PS0
P07550	6PS1
P07550	6PS2
P07550	6PS3
P07550	6PS4
P07550	6PS5
P07550	6PS6
P07550	7BZ2
P07550	7DHI
P07550	7DHR
P07550	7XK9
P07550	7XKA
P41594	3LMK
P41594	4OO9
P41594	5CGC
P41594	5CGD
P41594	6N4X
P41594	6N4Y
P41594	6N50
P41594	6N51
P41594	6N52
P41594	7FD8
P41594	7FD9
P29274	2YDO
P29274	2YDV
P29274	3EML
P29274	3PWH
P29274	3QAK
P29274	3REY
P29274	3RFM
P29274	3UZA
P29274	3UZC
P29274	3VG9
P29274	3VGA
P29274	4EIY
P29274	4UG2
P29274	4UHR
P29274	5G53
P29274	5IU4
P29274	5IU7
P29274	5IU8
P29274	5IUA
P29274	5IUB
P29274	5JTB
P29274	5K2A
P29274	5K2B
P29274	5K2C
P29274	5K2D
P29274	5MZJ
P29274	5MZP
P29274	5N2R
P29274	5NLX
P29274	5NM2
P29274	5NM4
P29274	5OLG
P29274	5OLH
P29274	5OLO
P29274	5OLV
P29274	5OLZ
P29274	5OM1
P29274	5OM4
P29274	5UIG
P29274	5UVI
P29274	5VRA
P29274	5WF5
P29274	5WF6
P29274	6AQF
P29274	6GDG
P29274	6GT3
P29274	6JZH
P29274	6LPJ
P29274	6LPK
P29274	6LPL
P29274	6MH8
P29274	6PS7
P29274	6S0L
P29274	6S0Q
P29274	6WQA
P29274	6ZDR
P29274	6ZDV
P29274	7ARO
P29274	7EZC
P29274	7PX4
P29274	7PYR
P29274	7RM5
P29274	7T32
P29274	8C9W
P29274	8CIC
P29274	8CU6
P29274	8CU7
P29274	8DU3
P29274	8GNE
P29274	8GNG
P28222	4IAQ
P28222	4IAR
P28222	5V54
P28222	6G79
P28222	7C61
P29275	7XY6
P29275	7XY7
P29275	8HDO
P29275	8HDP
P41595	4IB4
P41595	4NC3
P41595	5TUD
P41595	5TVN
P41595	6DRX
P41595	6DRY
P41595	6DRZ
P41595	6DS0
P41595	7SRQ
P41595	7SRR
P41595	7SRS
P20309	2CSA
P20309	8E9W
P20309	8E9Y
P20309	8E9Z
P20309	8EA0
P08588	2LSQ
P08588	7BTS
P08588	7BU6
P08588	7BU7
P08588	7BVQ
Q14832	3SM9
Q14832	4XAR
Q14832	5CNK
Q14832	5CNM
Q14832	6B7H
Q14832	7WI6
Q14832	7WI8
Q14832	7WIH
Q14832	8JCU
Q14832	8JCV
Q14832	8JCW
Q14832	8JCX
Q14832	8JCY
Q14832	8JCZ
Q14832	8JD0
Q14832	8JD1
Q14832	8JD2
Q14832	8JD3
P43116	7CX2
P43116	7CX3
P43116	7CX4
Q13639	5EM9
Q13639	7XT8
Q13639	7XT9
Q13639	7XTA
P08173	5DSG
P08173	6D9H
P08173	6KP6
P08173	7LD3
P08173	7LD4
P08173	7TRK
P08173	7TRP
P08173	7TRQ
P08173	7TRS
P08173	7V68
P08173	7V69
P08173	7V6A
P08173	8E9X
Q14833	7E9H
Q14833	8JD4
Q14833	8JD5
Q14833	8JD6
O00222	6BSZ
O00222	6BT5
O00222	6E5V
Q14831	3MQ4
Q14831	5C5C
Q14831	7EPC
Q14831	7EPD
P35372	8EF5
P35372	8EF6
P35372	8EFB
P35372	8EFL
P35372	8EFO
P35372	8EFQ
P35372	8F7Q
P35372	8F7R
P30939	7EXD
Q9Y5N1	7F61
P41143	4N6H
P41143	4RWA
P41143	4RWD
P41143	6PT2
P41143	6PT3
P41143	8F7S
P34969	7XTC
P43088	8IUK
P43088	8IUL
P43088	8IUM
P34981	7WKD
P34981	7X1T
P34981	7X1U
P34981	7XW9
P50406	7XTB
P50406	7YS6
P50406	8JLZ
P18089	6K41
P18089	6K42
P28221	7E32
P41145	4DJH
P41145	6B73
P41145	6VI4
P41145	7T10
P41145	7T11
P41145	7UL2
P41145	7UL3
P41145	7UL5
P41145	7Y1F
P41145	7YIT
P41145	8DZP
P41145	8DZQ
P41145	8DZR
P41145	8DZS
P41145	8F7W
P08908	7E2X
P08908	7E2Y
P08908	7E2Z
Q14416	4XAQ
Q14416	4XAS
Q14416	5CNI
Q14416	5CNJ
Q14416	5KZN
Q14416	5KZQ
Q14416	7E9G
Q14416	7EPA
Q14416	7EPB
Q14416	7EPD
Q14416	7MTQ
Q14416	7MTR
Q14416	7MTS
Q14416	8JCU
Q14416	8JCV
Q14416	8JCW
Q14416	8JCX
Q14416	8JCY
Q14416	8JCZ
Q14416	8JD0
Q14416	8JD1
Q14416	8JD2
Q14416	8JD3
Q14416	8JD4
Q14416	8JD5
Q9UBS5	4MQE
Q9UBS5	4MQF
Q9UBS5	4MR7
Q9UBS5	4MR8
Q9UBS5	4MR9
Q9UBS5	4MRM
Q9UBS5	4MS1
Q9UBS5	4MS3
Q9UBS5	4MS4
Q9UBS5	4PAS
Q9UBS5	6HKC
Q9UBS5	6UO8
Q9UBS5	6UO9
Q9UBS5	6UOA
Q9UBS5	6VJM
Q9UBS5	6W2X
Q9UBS5	6W2Y
Q9UBS5	6WIV
Q9UBS5	7C7Q
Q9UBS5	7C7S
Q9UBS5	7CA3
Q9UBS5	7CA5
Q9UBS5	7CUM
Q9UBS5	7EB2
P28566	7E33
P24530	5GLH
P24530	5GLI
P24530	5X93
P24530	5XPR
P24530	6IGK
P24530	6IGL
P24530	6LRY
P24530	8HBD
P24530	8HCX
P08913	1HLL
P08913	1HO9
P08913	1HOD
P08913	1HOF
P08913	6K42
P08913	6KUX
P08913	6KUY
P08913	7EJ0
P08913	7EJ8
P08913	7EJA
P08913	7EJK
P08913	7W6P
P08913	7W7E
P14416	5AER
P14416	6CM4
P14416	6LUQ
P14416	6VMS
P14416	7DFP
P14416	7JVR
P14416	8IRS
P30556	4YAY
P30556	4ZUD
P30556	6DO1
P30556	6OS0
P30556	6OS1
P30556	6OS2
P47898	7UM4
P47898	7UM5
P47898	7UM6
P47898	7UM7
P47898	7X5H
P25101	8HCQ
Q15722	7K15
Q15722	7VKT
P11229	5CXV
P11229	6OIJ
P11229	6WJC
P11229	6ZFZ
P11229	6ZG4
P11229	6ZG9
Q13255	3KS9
Q13255	4OR2
Q13255	7DGD
Q13255	7DGE
P35367	3RZE
P35367	7DFL
Q8TDS4	7XK2
Q8TDS4	7ZL9
Q8TDS4	7ZLY
